{
  "backend": "pybnesian",
  "summary": {
    "disc_jsd_mean": 0.043591078533183995,
    "disc_jsd_median": 0.031249895291382387,
    "cont_ks_mean": 0.2663333333333333,
    "cont_w1_mean": 3.008180843489994
  },
  "train_rows": 800,
  "test_rows": 200,
  "synth_rows": 1000,
  "discrete_cols": 19,
  "continuous_cols": 3,
  "heldout_loglik": {
    "mean_loglik": -22.95094650057519,
    "std_loglik": 6.23761525442141,
    "sum_loglik": -4590.189300115037,
    "n_rows": 200
  },
  "umap_png": null
}