{
  "backend": "synthcity",
  "summary": {
    "disc_jsd_mean": 0.16486113225468518,
    "disc_jsd_median": 0.11673839266631084,
    "cont_ks_mean": 0.13095890410958905,
    "cont_w1_mean": 0.3643835616438356
  },
  "train_rows": 198,
  "test_rows": 50,
  "synth_rows": 292,
  "discrete_cols": 20,
  "continuous_cols": 1,
  "umap_png": null
}