{
  "backend": "synthcity",
  "summary": {
    "disc_jsd_mean": 0.12547264407367512,
    "disc_jsd_median": 0.1375355539851963,
    "cont_ks_mean": 0.2225,
    "cont_w1_mean": 386.6159130851251
  },
  "train_rows": 320,
  "test_rows": 80,
  "synth_rows": 400,
  "discrete_cols": 22,
  "continuous_cols": 3,
  "umap_png": null
}