{
  "backend": "synthcity",
  "summary": {
    "disc_jsd_mean": 0.2383113205816949,
    "disc_jsd_median": 0.21508839466197774,
    "cont_ks_mean": 0.8226666666666667,
    "cont_w1_mean": 6.101330342672753
  },
  "train_rows": 800,
  "test_rows": 200,
  "synth_rows": 1000,
  "discrete_cols": 19,
  "continuous_cols": 3,
  "umap_png": null
}