{
  "backend": "synthcity",
  "summary": {
    "disc_jsd_mean": 0.30583134177319216,
    "disc_jsd_median": 0.2503441259240466,
    "cont_ks_mean": 0.18342465753424658,
    "cont_w1_mean": 0.776986301369863
  },
  "train_rows": 198,
  "test_rows": 50,
  "synth_rows": 292,
  "discrete_cols": 20,
  "continuous_cols": 1,
  "umap_png": null
}