{
  "backend": "pybnesian",
  "summary": {
    "disc_jsd_mean": 0.09284578173912807,
    "disc_jsd_median": 0.07800640818751367,
    "cont_ks_mean": 0.15037037037037035,
    "cont_w1_mean": 3.363258628545991
  },
  "train_rows": 216,
  "test_rows": 54,
  "synth_rows": 270,
  "discrete_cols": 9,
  "continuous_cols": 5,
  "heldout_loglik": {
    "mean_loglik": -25.67349987143356,
    "std_loglik": 2.8126486922016705,
    "sum_loglik": -1386.3689930574121,
    "n_rows": 54
  },
  "umap_png": null
}