{
  "backend": "synthcity",
  "summary": {
    "disc_jsd_mean": 0.25451761615779217,
    "disc_jsd_median": 0.24950806722441282,
    "cont_ks_mean": 0.6191666666666666,
    "cont_w1_mean": 1535.2588995657582
  },
  "train_rows": 320,
  "test_rows": 80,
  "synth_rows": 400,
  "discrete_cols": 22,
  "continuous_cols": 3,
  "umap_png": null
}