{
  "backend": "pybnesian",
  "summary": {
    "disc_jsd_mean": 0.08574705593631796,
    "disc_jsd_median": 0.057985533950701766,
    "cont_ks_mean": 0.15916666666666668,
    "cont_w1_mean": 198.246354387874
  },
  "train_rows": 320,
  "test_rows": 80,
  "synth_rows": 400,
  "discrete_cols": 22,
  "continuous_cols": 3,
  "heldout_loglik": {
    "mean_loglik": -6.736472125199439,
    "std_loglik": 6.433005038304741,
    "sum_loglik": -538.9177700159552,
    "n_rows": 80
  },
  "umap_png": null
}