{
  "backend": "pybnesian",
  "summary": {
    "disc_jsd_mean": 0.13362941810602594,
    "disc_jsd_median": 0.13776531463880567,
    "cont_ks_mean": 0.20087365591397852,
    "cont_w1_mean": 10.889385777597719
  },
  "train_rows": 64,
  "test_rows": 16,
  "synth_rows": 155,
  "discrete_cols": 14,
  "continuous_cols": 6,
  "heldout_loglik": {
    "mean_loglik": -37.59073831816767,
    "std_loglik": 17.901865855617995,
    "sum_loglik": -563.861074772515,
    "n_rows": 15
  },
  "umap_png": null
}