{
  "backend": "metasyn",
  "summary": {
    "disc_jsd_mean": 0.08212115272692891,
    "disc_jsd_median": 0.04789070269861858,
    "cont_ks_mean": 0.5345,
    "cont_w1_mean": 1.1166902170149478
  },
  "train_rows": 800,
  "test_rows": 200,
  "synth_rows": 1000,
  "discrete_cols": 42,
  "continuous_cols": 6
}