{
  "backend": "metasyn",
  "summary": {
    "disc_jsd_mean": 0.10737136897761507,
    "disc_jsd_median": 0.08706369249015361,
    "cont_ks_mean": 0.1859259259259259,
    "cont_w1_mean": 3.7790045253947397
  },
  "train_rows": 216,
  "test_rows": 54,
  "synth_rows": 270,
  "discrete_cols": 9,
  "continuous_cols": 5
}