{
  "backend": "synthcity",
  "summary": {
    "disc_jsd_mean": 0.3521198355348013,
    "disc_jsd_median": 0.3518233440962474,
    "cont_ks_mean": 0.6933333333333334,
    "cont_w1_mean": 35.8362945758217
  },
  "train_rows": 216,
  "test_rows": 54,
  "synth_rows": 270,
  "discrete_cols": 9,
  "continuous_cols": 5,
  "umap_png": null
}