{
  "backend": "metasyn",
  "summary": {
    "disc_jsd_mean": 0.13508739326249034,
    "disc_jsd_median": 0.10559164525958084,
    "cont_ks_mean": 0.21807795698924734,
    "cont_w1_mean": 9.900563984945128
  },
  "train_rows": 64,
  "test_rows": 16,
  "synth_rows": 155,
  "discrete_cols": 14,
  "continuous_cols": 6
}