{
  "backend": "metasyn",
  "summary": {
    "disc_jsd_mean": 0.04079393609616286,
    "disc_jsd_median": 0.03690636498559286,
    "cont_ks_mean": 0.45633333333333326,
    "cont_w1_mean": 2.2708797322863137
  },
  "train_rows": 800,
  "test_rows": 200,
  "synth_rows": 1000,
  "discrete_cols": 19,
  "continuous_cols": 3
}